Area code,Area name,Time period,Value (score out of 10),Confidence interval lower,Confidence interval upper,LAD11CD,LAD11CDO,LAD11NM,KS101UK_Re,KS101UK__3,DENSITY_HA,ECON_ACTIV,EA_EMPLOYE,EA_UNEMPLO,EA_UNEM_RA,ALL_RES,AGE_0_15,AGE_16_74,AGE_75UP,MEAN_AGE,MEDIAN_AGE
E06000001,Hartlepool,2022-23,7.57,7.31,7.83,E06000001,00EB,Hartlepool,"2011","92028",9.80000000000,"43513","36532","5194",7.77000000000,"92028","17800","66804","7424",39.80000000000,"40"
E06000002,Middlesbrough,2022-23,7.05,6.73,7.37,E06000002,00EC,Middlesbrough,"2011","138412",25.70000000000,"63582","51535","7631",7.59000000000,"138412","28003","100551","9858",37.80000000000,"37"
E06000003,Redcar and Cleveland,2022-23,7.49,7.22,7.76,E06000003,00EE,Redcar and Cleveland,"2011","135177",5.50000000000,"63530","54558","6533",6.59000000000,"135177","24166","99177","11834",41.50000000000,"43"
E06000004,Stockton-on-Tees,2022-23,7.29,7.02,7.55,E06000004,00EF,Stockton-on-Tees,"2011","191610",9.40000000000,"96259","83938","8075",5.74000000000,"191610","37107","140654","13849",39.10000000000,"39"
E06000005,Darlington,2022-23,7.17,6.9,7.44,E06000005,00EH,Darlington,"2011","105564",5.30000000000,"53443","47487","4002",5.22000000000,"105564","20207","76635","8722",40.20000000000,"41"
E06000006,Halton,2022-23,7.45,7.18,7.71,E06000006,00ET,Halton,"2011","125746",15.90000000000,"63411","55741","5151",5.56000000000,"125746","24927","92708","8111",38.90000000000,"39"
E06000007,Warrington,2022-23,7.32,7.09,7.55,E06000007,00EU,Warrington,"2011","202228",11.20000000000,"107765","97274","5961",3.99000000000,"202228","38751","149461","14016",39.50000000000,"40"
E06000008,Blackburn with Darwen,2022-23,7.43,7.16,7.71,E06000008,00EX,Blackburn with Darwen,"2011","147489",10.80000000000,"67033","58129","5575",5.34000000000,"147489","34367","104417","8705",36.20000000000,"35"
E06000009,Blackpool,2022-23,7.31,7.08,7.54,E06000009,00EY,Blackpool,"2011","142065",40.70000000000,"68540","59026","6337",6.10000000000,"142065","25366","103813","12886",41.30000000000,"42"
E06000011,East Riding of Yorkshire,2022-23,7.3,7.06,7.54,E06000011,00FB,East Riding of Yorkshire,"2011","334179",1.40000000000,"168860","153451","8795",3.58000000000,"334179","55846","245594","32739",43.50000000000,"45"
E06000012,North East Lincolnshire,2022-23,7.82,7.6,8.03,E06000012,00FC,North East Lincolnshire,"2011","159616",8.30000000000,"79227","68609","7486",6.46000000000,"159616","30239","115823","13554",40.20000000000,"41"
E06000013,North Lincolnshire,2022-23,7.55,7.25,7.86,E06000013,00FD,North Lincolnshire,"2011","167446",2.00000000000,"84668","75915","5869",4.80000000000,"167446","31341","122329","13776",40.80000000000,"42"
E06000014,York,2022-23,7.45,7.23,7.67,E06000014,00FF,York,"2011","198051",7.30000000000,"104945","91847","4582",3.06000000000,"198051","31776","149789","16486",39.50000000000,"38"
E06000015,Derby,2022-23,7.28,6.99,7.57,E06000015,00FK,Derby,"2011","248752",31.90000000000,"123691","106946","9297",5.19000000000,"248752","50676","179291","18785",37.60000000000,"36"
E06000016,Leicester,2022-23,7.24,6.89,7.58,E06000016,00FN,Leicester,"2011","329839",45.00000000000,"156425","128142","14982",6.18000000000,"329839","69279","242232","18328",34.80000000000,"31"
E06000017,Rutland,2022-23,7.7,7.38,8.03,E06000017,00FP,Rutland,"2011","37369",1.00000000000,"18758","17509","643",2.38000000000,"37369","6686","27052","3631",42.40000000000,"43"
E06000018,Nottingham,2022-23,7.24,6.92,7.56,E06000018,00FY,Nottingham,"2011","305680",41.00000000000,"142327","112861","14775",6.37000000000,"305680","55576","232072","18032",34.80000000000,"30"
E06000020,Telford and Wrekin,2022-23,7.52,7.29,7.75,E06000020,00GF,Telford and Wrekin,"2011","166641",5.70000000000,"84947","75685","5806",4.75000000000,"166641","34201","122279","10161",38.10000000000,"38"
E06000021,Stoke-on-Trent,2022-23,7.32,7.03,7.62,E06000021,00GL,Stoke-on-Trent,"2011","249008",26.60000000000,"119743","103269","9715",5.31000000000,"249008","48366","182808","17834",38.50000000000,"38"
E06000022,Bath and North East Somerset,2022-23,7.2,6.84,7.55,E06000022,00HA,Bath and North East Somerset,"2011","176016",5.10000000000,"89752","79491","3548",2.72000000000,"176016","29577","130550","15889",40.30000000000,"40"
E06000024,North Somerset,2022-23,7.6,7.36,7.84,E06000024,00HC,North Somerset,"2011","202566",5.40000000000,"102607","94139","4350",2.99000000000,"202566","36652","145352","20562",42.60000000000,"44"
E06000025,South Gloucestershire,2022-23,7.36,7.12,7.6,E06000025,00HD,South Gloucestershire,"2011","262767",5.30000000000,"143198","131089","5354",2.78000000000,"262767","49930","192468","20369",39.80000000000,"40"
E06000026,Plymouth,2022-23,7.71,7.49,7.93,E06000026,00HG,Plymouth,"2011","256384",32.10000000000,"127742","110706","8136",4.24000000000,"256384","44882","191786","19716",39.00000000000,"38"
E06000027,Torbay,2022-23,7.39,7.16,7.61,E06000027,00HH,Torbay,"2011","130959",20.80000000000,"61795","55066","4275",4.55000000000,"130959","21669","94000","15290",44.20000000000,"46"
E06000030,Swindon,2022-23,7.43,7.16,7.7,E06000030,00HX,Swindon,"2011","209156",9.10000000000,"117039","106110","6518",4.23000000000,"209156","41382","154080","13694",38.10000000000,"38"
E06000031,Peterborough,2022-23,7.14,6.87,7.4,E06000031,00JA,Peterborough,"2011","183631",5.30000000000,"95646","85370","6691",5.06000000000,"183631","39136","132318","12177",36.90000000000,"35"
E06000032,Luton,2022-23,7.64,7.37,7.91,E06000032,00KA,Luton,"2011","203201",46.90000000000,"100272","83876","8337",5.74000000000,"203201","46756","145208","11237",34.80000000000,"32"
E06000033,Southend-on-Sea,2022-23,7.31,7,7.62,E06000033,00KF,Southend-on-Sea,"2011","173658",41.60000000000,"88324","78722","6209",4.97000000000,"173658","33037","125007","15614",40.20000000000,"40"
E06000034,Thurrock,2022-23,7.51,7.29,7.74,E06000034,00KG,Thurrock,"2011","157705",9.70000000000,"84464","75151","6190",5.42000000000,"157705","34298","114124","9283",36.80000000000,"36"
E06000035,Medway,2022-23,7.29,7.04,7.54,E06000035,00LC,Medway,"2011","263925",13.70000000000,"137954","121925","9469",4.88000000000,"263925","53414","194158","16353",37.70000000000,"37"
E06000036,Bracknell Forest,2022-23,7.67,7.42,7.93,E06000036,00MA,Bracknell Forest,"2011","113205",10.30000000000,"65137","59995","2808",3.38000000000,"113205","23462","83116","6627",37.40000000000,"37"
E06000037,West Berkshire,2022-23,7.44,7.18,7.7,E06000037,00MB,West Berkshire,"2011","153822",2.20000000000,"85401","79342","3279",2.93000000000,"153822","31091","112054","10677",39.40000000000,"40"
E06000038,Reading,2022-23,7.42,7.12,7.71,E06000038,00MC,Reading,"2011","155698",38.50000000000,"86329","75175","5329",4.56000000000,"155698","30116","116808","8774",35.30000000000,"33"
E06000039,Slough,2022-23,7.4,7.05,7.76,E06000039,00MD,Slough,"2011","140205",43.10000000000,"73819","64422","5440",5.42000000000,"140205","33560","100458","6187",33.50000000000,"32"
E06000040,Windsor and Maidenhead,2022-23,7.49,7.26,7.72,E06000040,00ME,Windsor and Maidenhead,"2011","144560",7.40000000000,"77650","71967","3292",3.16000000000,"144560","28660","104247","11653",39.80000000000,"40"
E06000041,Wokingham,2022-23,7.42,7.14,7.69,E06000041,00MF,Wokingham,"2011","154380",8.60000000000,"84912","78623","2958",2.63000000000,"154380","31370","112273","10737",39.40000000000,"40"
E06000042,Milton Keynes,2022-23,7.4,7.19,7.61,E06000042,00MG,Milton Keynes,"2011","248821",8.10000000000,"137717","123379","8640",4.76000000000,"248821","55392","181385","12044",36.10000000000,"35"
E06000043,Brighton and Hove,2022-23,7.03,6.63,7.42,E06000043,00ML,Brighton and Hove,"2011","273369",33.10000000000,"150853","130732","7818",3.71000000000,"273369","44345","210792","18232",37.40000000000,"35"
E06000044,Portsmouth,2022-23,7.37,7.1,7.65,E06000044,00MR,Portsmouth,"2011","205056",50.70000000000,"105834","89920","6536",4.25000000000,"205056","37800","153705","13551",36.50000000000,"34"
E06000045,Southampton,2022-23,7.07,6.78,7.35,E06000045,00MS,Southampton,"2011","236882",47.50000000000,"123193","103902","7631",4.23000000000,"236882","41348","180201","15333",36.10000000000,"32"
E06000046,Isle of Wight,2022-23,7.53,7.33,7.72,E06000046,00MW,Isle of Wight,"2011","138265",3.60000000000,"64218","57634","4386",4.40000000000,"138265","22676","99747","15842",44.40000000000,"46"
E06000047,County Durham,2022-23,7.37,7.13,7.62,E06000047,00EJ,County Durham,"2011","513242",2.30000000000,"247101","219826","17013",4.43000000000,"513242","87984","383796","41462",41.00000000000,"42"
E06000049,Cheshire East,2022-23,7.56,7.18,7.94,E06000049,00EQ,Cheshire East,"2011","370127",3.20000000000,"191253","174859","8742",3.23000000000,"370127","65753","270953","33421",42.00000000000,"43"
E06000050,Cheshire West and Chester,2022-23,7.29,6.9,7.67,E06000050,00EW,Cheshire West and Chester,"2011","329608",3.60000000000,"170778","153704","8949",3.68000000000,"329608","58135","243155","28318",41.30000000000,"42"
E06000051,Shropshire,2022-23,7.66,7.45,7.88,E06000051,00GG,Shropshire,"2011","306129",1.00000000000,"158983","146401","7350",3.28000000000,"306129","53150","223892","29087",42.60000000000,"44"
E06000052,Cornwall,2022-23,7.51,7.31,7.71,E06000052,00HE,Cornwall,"2011","532273",1.50000000000,"259484","235986","12694",3.26000000000,"532273","89941","388858","53474",43.30000000000,"45"
E06000054,Wiltshire,2022-23,7.35,7.08,7.62,E06000054,00HY,Wiltshire,"2011","470981",1.40000000000,"250792","232126","9999",2.94000000000,"470981","90968","339595","40418",40.80000000000,"42"
E06000055,Bedford,2022-23,7.59,7.24,7.94,E06000055,00KB,Bedford,"2011","157479",3.30000000000,"81782","72610","5060",4.45000000000,"157479","31608","113764","12107",38.90000000000,"39"
E06000056,Central Bedfordshire,2022-23,7.28,7.03,7.53,E06000056,00KC,Central Bedfordshire,"2011","254381",3.60000000000,"139525","127845","6443",3.45000000000,"254381","49779","186658","17944",39.60000000000,"40"
E06000057,Northumberland,2022-23,7.56,7.32,7.81,E06000057,00EM,Northumberland,"2011","316028",0.60000000000,"158268","142811","10329",4.43000000000,"316028","53866","233224","28938",42.80000000000,"45"
E07000008,Cambridge,2022-23,7.02,6.26,7.77,E07000008,12UB,Cambridge,"2011","123867",30.40000000000,"62886","54642","2641",2.69000000000,"123867","17860","98283","7724",35.60000000000,"31"
E07000009,East Cambridgeshire,2022-23,7.77,7.28,8.25,E07000009,12UC,East Cambridgeshire,"2011","83818",1.30000000000,"45920","42764","1747",2.88000000000,"83818","16337","60714","6767",40.20000000000,"40"
E07000010,Fenland,2022-23,7.57,7.1,8.04,E07000010,12UD,Fenland,"2011","95262",1.70000000000,"47829","43413","2931",4.23000000000,"95262","16780","69258","9224",42.10000000000,"43"
E07000011,Huntingdonshire,2022-23,7.3,6.92,7.69,E07000011,12UE,Huntingdonshire,"2011","169508",1.90000000000,"93481","86207","3957",3.16000000000,"169508","32351","125346","11811",39.90000000000,"41"
E07000012,South Cambridgeshire,2022-23,7.09,6.75,7.42,E07000012,12UG,South Cambridgeshire,"2011","148755",1.60000000000,"82079","76608","2499",2.32000000000,"148755","29413","107779","11563",40.10000000000,"41"
E07000026,Allerdale,2022-23,6.95,5.98,7.93,E07000026,16UB,Allerdale,"2011","96422",0.80000000000,"48904","44833","2553",3.60000000000,"96422","16267","70978","9177",43.10000000000,"45"
E07000027,Barrow-in-Furness,2022-23,7.24,6.41,8.07,E07000027,16UC,Barrow-in-Furness,"2011","69087",8.90000000000,"33897","30348","2365",4.63000000000,"69087","12291","51103","5693",41.30000000000,"42"
E07000028,Carlisle,2022-23,7.9,7.54,8.26,E07000028,16UD,Carlisle,"2011","107524",1.00000000000,"57210","51767","2847",3.58000000000,"107524","18482","79531","9511",41.30000000000,"42"
E07000029,Copeland,2022-23,7.65,7.04,8.26,E07000029,16UE,Copeland,"2011","70603",1.00000000000,"35335","32184","2235",4.24000000000,"70603","11990","52702","5911",42.10000000000,"44"
E07000030,Eden,2022-23,7.74,7.16,8.31,E07000030,16UF,Eden,"2011","52564",0.20000000000,"28413","26527","822",2.12000000000,"52564","8588","38735","5241",44.10000000000,"46"
E07000031,South Lakeland,2022-23,7.63,7.24,8.02,E07000031,16UG,South Lakeland,"2011","103658",0.70000000000,"53396","49980","1524",2.01000000000,"103658","15881","75831","11946",45.40000000000,"48"
E07000032,Amber Valley,2022-23,7.58,7.2,7.96,E07000032,17UB,Amber Valley,"2011","122309",4.60000000000,"63280","57786","3503",3.87000000000,"122309","21468","90558","10283",41.80000000000,"43"
E07000033,Bolsover,2022-23,7.05,6.33,7.76,E07000033,17UC,Bolsover,"2011","75866",4.70000000000,"37442","33578","2612",4.67000000000,"75866","13674","55945","6247",41.00000000000,"42"
E07000034,Chesterfield,2022-23,7.29,6.69,7.9,E07000034,17UD,Chesterfield,"2011","103788",15.70000000000,"51909","46543","3557",4.66000000000,"103788","18193","76409","9186",41.40000000000,"42"
E07000035,Derbyshire Dales,2022-23,7.39,6.77,8,E07000035,17UF,Derbyshire Dales,"2011","71116",0.90000000000,"36541","34001","1394",2.68000000000,"71116","11817","51978","7321",44.50000000000,"47"
E07000036,Erewash,2022-23,7.52,7.08,7.97,E07000036,17UG,Erewash,"2011","112081",10.20000000000,"59044","53309","3742",4.53000000000,"112081","20133","82609","9339",40.80000000000,"41"
E07000037,High Peak,2022-23,7.58,7.16,7.99,E07000037,17UH,High Peak,"2011","90892",1.70000000000,"48560","44173","2576",3.82000000000,"90892","16476","67389","7027",41.10000000000,"43"
E07000038,North East Derbyshire,2022-23,7.61,7.16,8.05,E07000038,17UJ,North East Derbyshire,"2011","99023",3.60000000000,"49919","45568","2697",3.67000000000,"99023","16324","73460","9239",43.30000000000,"45"
E07000039,South Derbyshire,2022-23,7.67,7.22,8.13,E07000039,17UK,South Derbyshire,"2011","94611",2.80000000000,"50358","46409","2125",3.06000000000,"94611","18701","69450","6460",39.50000000000,"40"
E07000040,East Devon,2022-23,7.73,7.39,8.07,E07000040,18UB,East Devon,"2011","132457",1.60000000000,"62455","58078","2270",2.45000000000,"132457","20455","92782","19220",46.90000000000,"49"
E07000041,Exeter,2022-23,7.34,6.9,7.78,E07000041,18UC,Exeter,"2011","117773",25.00000000000,"60870","53133","2739",3.06000000000,"117773","18707","89544","9522",38.10000000000,"35"
E07000042,Mid Devon,2022-23,7.25,6.64,7.85,E07000042,18UD,Mid Devon,"2011","77750",0.90000000000,"40218","37514","1513",2.71000000000,"77750","14550","55847","7353",42.30000000000,"44"
E07000043,North Devon,2022-23,7.56,7.19,7.93,E07000043,18UE,North Devon,"2011","93667",0.90000000000,"47119","43382","2052",3.04000000000,"93667","16289","67507","9871",43.30000000000,"45"
E07000044,South Hams,2022-23,6.9,6.45,7.36,E07000044,18UG,South Hams,"2011","83140",0.90000000000,"41639","38735","1422",2.35000000000,"83140","13272","60617","9251",45.30000000000,"48"
E07000045,Teignbridge,2022-23,7.17,6.78,7.56,E07000045,18UH,Teignbridge,"2011","124220",1.80000000000,"61845","57108","2477",2.77000000000,"124220","20482","89471","14267",44.60000000000,"47"
E07000046,Torridge,2022-23,8.05,7.48,8.62,E07000046,18UK,Torridge,"2011","63839",0.60000000000,"31158","28692","1586",3.41000000000,"63839","10518","46510","6811",44.60000000000,"47"
E07000061,Eastbourne,2022-23,6.57,5.46,7.68,E07000061,21UC,Eastbourne,"2011","99412",22.50000000000,"47926","42342","2874",4.08000000000,"99412","16721","70473","12218",42.80000000000,"43"
E07000062,Hastings,2022-23,6.56,5.83,7.29,E07000062,21UD,Hastings,"2011","90254",30.40000000000,"44759","39256","3621",5.48000000000,"90254","16766","66036","7452",40.20000000000,"41"
E07000063,Lewes,2022-23,7.47,6.9,8.04,E07000063,21UF,Lewes,"2011","97502",3.30000000000,"48194","44029","2319",3.35000000000,"97502","16968","69269","11265",43.70000000000,"45"
E07000064,Rother,2022-23,7.29,6.72,7.86,E07000064,21UG,Rother,"2011","90588",1.80000000000,"39859","36504","2019",3.21000000000,"90588","14229","62861","13498",47.20000000000,"50"
E07000065,Wealden,2022-23,7.63,7.34,7.92,E07000065,21UH,Wealden,"2011","148915",1.80000000000,"74214","68798","2670",2.52000000000,"148915","26472","105879","16564",44.00000000000,"46"
E07000066,Basildon,2022-23,7.43,6.98,7.88,E07000066,22UB,Basildon,"2011","174497",15.90000000000,"89570","80665","5846",4.65000000000,"174497","35299","125795","13403",39.10000000000,"39"
E07000067,Braintree,2022-23,7.57,7.1,8.04,E07000067,22UC,Braintree,"2011","147084",2.40000000000,"78715","72016","4014",3.76000000000,"147084","28986","106718","11380",40.00000000000,"41"
E07000068,Brentwood,2022-23,7.78,7.3,8.25,E07000068,22UD,Brentwood,"2011","73601",4.80000000000,"38149","35283","1667",3.15000000000,"73601","13486","52959","7156",41.60000000000,"43"
E07000069,Castle Point,2022-23,7.58,7,8.15,E07000069,22UE,Castle Point,"2011","88011",19.50000000000,"44080","40222","2289",3.54000000000,"88011","14869","64626","8516",43.20000000000,"45"
E07000070,Chelmsford,2022-23,7.79,7.45,8.12,E07000070,22UF,Chelmsford,"2011","168310",5.00000000000,"91339","83355","4223",3.41000000000,"168310","31307","123693","13310",40.10000000000,"40"
E07000071,Colchester,2022-23,7.56,7.13,7.98,E07000071,22UG,Colchester,"2011","173074",5.30000000000,"91385","81214","4456",3.47000000000,"173074","31647","128562","12865",38.90000000000,"38"
E07000072,Epping Forest,2022-23,7.58,7.01,8.16,E07000072,22UH,Epping Forest,"2011","124659",3.70000000000,"65304","59936","3259",3.60000000000,"124659","22951","90622","11086",41.10000000000,"42"
E07000075,Rochford,2022-23,7.28,6.54,8.03,E07000075,22UL,Rochford,"2011","83287",4.90000000000,"42804","39503","1836",3.04000000000,"83287","15016","60425","7846",42.30000000000,"44"
E07000076,Tendring,2022-23,7.06,6.63,7.49,E07000076,22UN,Tendring,"2011","138048",4.10000000000,"59908","53285","4533",4.67000000000,"138048","22553","97050","18445",45.70000000000,"48"
E07000077,Uttlesford,2022-23,7.29,6.59,8,E07000077,22UQ,Uttlesford,"2011","79443",1.20000000000,"42473","39603","1527",2.67000000000,"79443","16044","57086","6313",40.60000000000,"42"
E07000078,Cheltenham,2022-23,7.73,7.35,8.11,E07000078,23UB,Cheltenham,"2011","115732",24.80000000000,"62763","55838","2878",3.34000000000,"115732","19724","86090","9918",39.50000000000,"38"
E07000079,Cotswold,2022-23,7.49,7.07,7.92,E07000079,23UC,Cotswold,"2011","82881",0.70000000000,"43206","40303","1491",2.48000000000,"82881","13743","60075","9063",44.20000000000,"46"
E07000080,Forest of Dean,2022-23,7.02,6.41,7.64,E07000080,23UD,Forest of Dean,"2011","81961",1.60000000000,"41490","37834","2084",3.45000000000,"81961","14014","60341","7606",43.00000000000,"45"
E07000081,Gloucester,2022-23,7.38,6.98,7.78,E07000081,23UE,Gloucester,"2011","121688",30.00000000000,"65740","58990","3791",4.26000000000,"121688","24157","88942","8589",38.20000000000,"38"
E07000082,Stroud,2022-23,7.09,6.68,7.49,E07000082,23UF,Stroud,"2011","112779",2.40000000000,"59980","55589","2306",2.81000000000,"112779","20528","81955","10296",42.30000000000,"44"
E07000083,Tewkesbury,2022-23,7.37,6.87,7.86,E07000083,23UG,Tewkesbury,"2011","81943",2.00000000000,"43454","40346","1682",2.82000000000,"81943","14585","59685","7673",42.40000000000,"44"
E07000084,Basingstoke and Deane,2022-23,7.32,6.45,8.19,E07000084,24UB,Basingstoke and Deane,"2011","167799",2.60000000000,"94800","87347","3999",3.24000000000,"167799","33852","123243","10704",38.70000000000,"39"
E07000085,East Hampshire,2022-23,7.41,6.98,7.84,E07000085,24UC,East Hampshire,"2011","115608",2.20000000000,"60953","56610","2133",2.55000000000,"115608","21589","83522","10497",42.00000000000,"44"
E07000086,Eastleigh,2022-23,7.29,6.76,7.82,E07000086,24UD,Eastleigh,"2011","125199",15.70000000000,"69033","63539","2768",3.02000000000,"125199","23717","91582","9900",40.10000000000,"41"
E07000087,Fareham,2022-23,7.64,7.2,8.08,E07000087,24UE,Fareham,"2011","111581",15.00000000000,"59063","54335","2117",2.61000000000,"111581","19428","81198","10955",42.60000000000,"44"
E07000088,Gosport,2022-23,7.67,7.16,8.18,E07000088,24UF,Gosport,"2011","82622",32.60000000000,"42981","38861","2520",4.24000000000,"82622","16220","59499","6903",39.80000000000,"40"
E07000089,Hart,2022-23,7.46,6.98,7.93,E07000089,24UG,Hart,"2011","91033",4.20000000000,"49875","46585","1570",2.38000000000,"91033","18352","66087","6594",40.00000000000,"41"
E07000090,Havant,2022-23,7.77,7.26,8.28,E07000090,24UH,Havant,"2011","120684",21.80000000000,"59601","53672","3444",3.99000000000,"120684","21877","86247","12560",42.30000000000,"44"
E07000091,New Forest,2022-23,7.49,7.16,7.81,E07000091,24UJ,New Forest,"2011","176462",2.30000000000,"86776","80253","3288",2.63000000000,"176462","28948","124798","22716",45.20000000000,"47"
E07000092,Rushmoor,2022-23,6.98,5.98,7.97,E07000092,24UL,Rushmoor,"2011","93807",24.00000000000,"54145","49311","2593",3.72000000000,"93807","18953","69652","5202",36.60000000000,"36"
E07000093,Test Valley,2022-23,7.47,6.82,8.12,E07000093,24UN,Test Valley,"2011","116398",1.90000000000,"62141","57783","2133",2.52000000000,"116398","21984","84652","9762",41.40000000000,"43"
E07000094,Winchester,2022-23,7.2,6.79,7.61,E07000094,24UP,Winchester,"2011","116595",1.80000000000,"60029","54075","1943",2.30000000000,"116595","21485","84495","10615",40.90000000000,"42"
E07000095,Broxbourne,2022-23,7.21,6.56,7.85,E07000095,26UB,Broxbourne,"2011","93609",18.20000000000,"49426","44754","2825",4.18000000000,"93609","18759","67599","7251",39.10000000000,"39"
E07000096,Dacorum,2022-23,7.71,7.28,8.14,E07000096,26UC,Dacorum,"2011","144847",6.80000000000,"77800","71048","3829",3.67000000000,"144847","28864","104410","11573",39.40000000000,"40"
E07000098,Hertsmere,2022-23,6.9,5.88,7.93,E07000098,26UE,Hertsmere,"2011","100031",9.90000000000,"52435","47789","2650",3.71000000000,"100031","20190","71511","8330",39.40000000000,"39"
E07000099,North Hertfordshire,2022-23,7.59,7.21,7.96,E07000099,26UF,North Hertfordshire,"2011","127114",3.40000000000,"68564","62969","3145",3.44000000000,"127114","24726","91510","10878",40.20000000000,"40"
E07000102,Three Rivers,2022-23,7.04,5.67,8.41,E07000102,26UJ,Three Rivers,"2011","87317",9.80000000000,"46280","42662","1984",3.18000000000,"87317","17498","62440","7379",40.00000000000,"41"
E07000103,Watford,2022-23,6.93,6.38,7.48,E07000103,26UK,Watford,"2011","90301",42.10000000000,"50770","45809","2692",4.06000000000,"90301","18608","66285","5408",36.50000000000,"35"
E07000105,Ashford,2022-23,7.57,7.18,7.96,E07000105,29UB,Ashford,"2011","117956",2.00000000000,"61189","55559","3058",3.63000000000,"117956","24545","84252","9159",39.60000000000,"40"
E07000106,Canterbury,2022-23,7.37,6.97,7.77,E07000106,29UC,Canterbury,"2011","151145",4.90000000000,"71322","59993","3410",3.05000000000,"151145","25174","111867","14104",40.00000000000,"39"
E07000107,Dartford,2022-23,7.64,6.93,8.35,E07000107,29UD,Dartford,"2011","97365",13.40000000000,"53184","48120","3099",4.40000000000,"97365","20023","70488","6854",37.80000000000,"37"
E07000108,Dover,2022-23,7.34,6.94,7.75,E07000108,29UE,Dover,"2011","111674",3.50000000000,"54478","48919","3607",4.46000000000,"111674","20292","80786","10596",42.10000000000,"44"
E07000109,Gravesham,2022-23,7.41,6.71,8.1,E07000109,29UG,Gravesham,"2011","101720",10.30000000000,"51903","46129","3714",5.07000000000,"101720","20756","73191","7773",38.70000000000,"39"
E07000110,Maidstone,2022-23,7.57,7.21,7.92,E07000110,29UH,Maidstone,"2011","155143",3.90000000000,"82528","75777","3848",3.40000000000,"155143","29667","113231","12245",40.10000000000,"41"
E07000111,Sevenoaks,2022-23,7.89,7.48,8.29,E07000111,29UK,Sevenoaks,"2011","114893",3.10000000000,"58707","54533","2332",2.84000000000,"114893","22412","82098","10383",41.40000000000,"43"
E07000113,Swale,2022-23,7.75,7.35,8.15,E07000113,29UM,Swale,"2011","135835",3.60000000000,"67913","61155","4538",4.60000000000,"135835","27296","98607","9932",39.60000000000,"40"
E07000114,Thanet,2022-23,7.69,7.33,8.04,E07000114,29UN,Thanet,"2011","134186",13.00000000000,"61272","53119","5358",5.67000000000,"134186","25630","94452","14104",41.90000000000,"43"
E07000115,Tonbridge and Malling,2022-23,7.57,7.18,7.97,E07000115,29UP,Tonbridge and Malling,"2011","120805",5.00000000000,"63039","58121","2580",2.98000000000,"120805","24984","86435","9386",39.80000000000,"41"
E07000116,Tunbridge Wells,2022-23,7.43,7.05,7.81,E07000116,29UQ,Tunbridge Wells,"2011","115049",3.50000000000,"59986","55524","2421",2.95000000000,"115049","23566","82052","9431",39.60000000000,"40"
E07000118,Chorley,2022-23,7.17,6.55,7.79,E07000118,30UE,Chorley,"2011","107155",5.30000000000,"56645","52009","2588",3.24000000000,"107155","19623","79951","7581",40.50000000000,"41"
E07000119,Fylde,2022-23,7.61,7.2,8.02,E07000119,30UF,Fylde,"2011","75757",4.60000000000,"36447","33285","1687",3.09000000000,"75757","12000","54544","9213",44.90000000000,"47"
E07000120,Hyndburn,2022-23,7.33,6.61,8.06,E07000120,30UG,Hyndburn,"2011","80734",11.10000000000,"39118","34663","2688",4.61000000000,"80734","16642","58356","5736",38.70000000000,"39"
E07000121,Lancaster,2022-23,7.78,7.35,8.21,E07000121,30UH,Lancaster,"2011","138375",2.40000000000,"67262","58498","3362",3.25000000000,"138375","22970","103296","12109",40.20000000000,"40"
E07000122,Pendle,2022-23,8.06,6.94,9.19,E07000122,30UJ,Pendle,"2011","89452",5.30000000000,"42765","37965","3012",4.67000000000,"89452","18324","64440","6688",38.90000000000,"39"
E07000123,Preston,2022-23,7.79,6.99,8.59,E07000123,30UK,Preston,"2011","140202",9.90000000000,"70509","59350","4575",4.40000000000,"140202","26780","104085","9337",36.90000000000,"35"
E07000124,Ribble Valley,2022-23,7.59,6.96,8.22,E07000124,30UL,Ribble Valley,"2011","57132",1.00000000000,"29672","27612","852",2.06000000000,"57132","10580","41285","5267",42.50000000000,"44"
E07000125,Rossendale,2022-23,7.09,6.39,7.8,E07000125,30UM,Rossendale,"2011","67982",4.90000000000,"35186","31864","2090",4.17000000000,"67982","13171","50075","4736",39.60000000000,"40"
E07000126,South Ribble,2022-23,7.51,7.06,7.95,E07000126,30UN,South Ribble,"2011","109057",9.70000000000,"58577","53816","2421",3.01000000000,"109057","19894","80458","8705",40.80000000000,"42"
E07000127,West Lancashire,2022-23,7.5,7.04,7.96,E07000127,30UP,West Lancashire,"2011","110685",3.20000000000,"55680","48969","3180",3.90000000000,"110685","19973","81601","9111",41.20000000000,"42"
E07000128,Wyre,2022-23,7.49,6.96,8.02,E07000128,30UQ,Wyre,"2011","107749",3.80000000000,"51450","46576","2464",3.17000000000,"107749","17282","77663","12804",44.70000000000,"47"
E07000129,Blaby,2022-23,7.43,6.96,7.9,E07000129,31UB,Blaby,"2011","93915",7.20000000000,"50661","46701","1963",2.86000000000,"93915","17581","68558","7776",40.90000000000,"42"
E07000130,Charnwood,2022-23,6.97,6.63,7.31,E07000130,31UC,Charnwood,"2011","166100",6.00000000000,"84609","75236","3864",3.09000000000,"166100","28222","124967","12911",39.30000000000,"39"
E07000131,Harborough,2022-23,7.43,7.01,7.84,E07000131,31UD,Harborough,"2011","85382",1.40000000000,"45791","42742","1517",2.45000000000,"85382","16348","61913","7121",41.60000000000,"43"
E07000132,Hinckley and Bosworth,2022-23,7.42,7.04,7.8,E07000132,31UE,Hinckley and Bosworth,"2011","105078",3.50000000000,"56538","52259","2448",3.15000000000,"105078","18603","77716","8759",41.70000000000,"43"
E07000133,Melton,2022-23,7.65,7.05,8.26,E07000133,31UG,Melton,"2011","50376",1.00000000000,"27422","25358","1067",2.89000000000,"50376","9139","36955","4282",41.70000000000,"43"
E07000134,North West Leicestershire,2022-23,6.98,6.4,7.56,E07000134,31UH,North West Leicestershire,"2011","93468",3.30000000000,"48999","44994","2361",3.44000000000,"93468","17677","68556","7235",40.80000000000,"42"
E07000135,Oadby and Wigston,2022-23,7.54,7.02,8.06,E07000135,31UJ,Oadby and Wigston,"2011","56170",23.90000000000,"28119","25226","1314",3.22000000000,"56170","9811","40797","5562",41.00000000000,"41"
E07000137,East Lindsey,2022-23,7.66,7.21,8.11,E07000137,32UC,East Lindsey,"2011","136401",0.80000000000,"60716","54875","3966",3.97000000000,"136401","20983","99928","15490",45.80000000000,"49"
E07000138,Lincoln,2022-23,6.57,5.79,7.36,E07000138,32UD,Lincoln,"2011","93541",26.20000000000,"49523","40981","3533",4.94000000000,"93541","15351","71577","6613",37.40000000000,"34"
E07000139,North Kesteven,2022-23,8.09,7.74,8.43,E07000139,32UE,North Kesteven,"2011","107766",1.20000000000,"55065","50921","2290",2.91000000000,"107766","19066","78616","10084",42.70000000000,"44"
E07000140,South Holland,2022-23,7.62,7.19,8.06,E07000140,32UF,South Holland,"2011","88270",1.20000000000,"44276","40532","2532",3.96000000000,"88270","14916","63920","9434",43.40000000000,"45"
E07000141,South Kesteven,2022-23,7.6,7.13,8.08,E07000141,32UG,South Kesteven,"2011","133788",1.40000000000,"70273","64499","3248",3.34000000000,"133788","24703","97319","11766",41.80000000000,"43"
E07000142,West Lindsey,2022-23,7.51,6.98,8.04,E07000142,32UH,West Lindsey,"2011","89250",0.80000000000,"44768","40734","2497",3.81000000000,"89250","15497","65531","8222",43.10000000000,"45"
E07000143,Breckland,2022-23,7.19,6.73,7.66,E07000143,33UB,Breckland,"2011","130491",1.00000000000,"65029","59621","3302",3.51000000000,"130491","22984","94176","13331",42.60000000000,"44"
E07000144,Broadland,2022-23,7.71,7.35,8.06,E07000144,33UC,Broadland,"2011","124646",2.30000000000,"64232","59597","2314",2.56000000000,"124646","20989","90305","13352",43.90000000000,"45"
E07000145,Great Yarmouth,2022-23,7.71,7,8.43,E07000145,33UD,Great Yarmouth,"2011","97277",5.60000000000,"46018","40055","4258",6.06000000000,"97277","17529","70234","9514",42.10000000000,"43"
E07000146,King's Lynn and West Norfolk,2022-23,7.45,6.98,7.92,E07000146,33UE,King's Lynn and West Norfolk,"2011","147451",1.00000000000,"71704","65459","3901",3.66000000000,"147451","24812","106591","16048",43.50000000000,"45"
E07000147,North Norfolk,2022-23,7.21,6.47,7.95,E07000147,33UF,North Norfolk,"2011","101499",1.10000000000,"45819","42147","2404",3.32000000000,"101499","14669","72453","14377",47.50000000000,"51"
E07000148,Norwich,2022-23,7.07,6.63,7.52,E07000148,33UG,Norwich,"2011","132512",34.00000000000,"68772","58247","5060",5.02000000000,"132512","21707","100702","10103",37.40000000000,"34"
E07000149,South Norfolk,2022-23,7.65,7.35,7.96,E07000149,33UH,South Norfolk,"2011","124012",1.40000000000,"63158","58512","2439",2.73000000000,"124012","22295","89337","12380",43.00000000000,"45"
E07000163,Craven,2022-23,7.22,6.11,8.33,E07000163,36UB,Craven,"2011","55409",0.50000000000,"28744","26704","1003",2.50000000000,"55409","9248","40056","6105",44.50000000000,"47"
E07000164,Hambleton,2022-23,7.03,5.3,8.75,E07000164,36UC,Hambleton,"2011","89140",0.70000000000,"47068","43959","1670",2.56000000000,"89140","15101","65255","8784",43.50000000000,"46"
E07000165,Harrogate,2022-23,7.59,7.13,8.05,E07000165,36UD,Harrogate,"2011","157869",1.20000000000,"84662","78711","2931",2.57000000000,"157869","28833","114038","14998",42.00000000000,"43"
E07000167,Ryedale,2022-23,7.89,7.38,8.4,E07000167,36UF,Ryedale,"2011","51751",0.30000000000,"26644","24785","1029",2.74000000000,"51751","8551","37581","5619",44.60000000000,"47"
E07000168,Scarborough,2022-23,7.7,7.35,8.06,E07000168,36UG,Scarborough,"2011","108793",1.30000000000,"52245","46482","3371",4.25000000000,"108793","17391","79393","12009",44.20000000000,"46"
E07000169,Selby,2022-23,7.62,7.15,8.09,E07000169,36UH,Selby,"2011","83449",1.40000000000,"45720","41990","2154",3.48000000000,"83449","15314","61831","6304",40.90000000000,"42"
E07000170,Ashfield,2022-23,6.82,5.67,7.97,E07000170,37UB,Ashfield,"2011","119497",10.90000000000,"59970","53931","4140",4.70000000000,"119497","22799","88037","8661",40.00000000000,"41"
E07000171,Bassetlaw,2022-23,7.38,6.86,7.9,E07000171,37UC,Bassetlaw,"2011","112863",1.80000000000,"56556","51284","3294",3.95000000000,"112863","20161","83305","9397",41.50000000000,"43"
E07000172,Broxtowe,2022-23,7.34,6.76,7.93,E07000172,37UD,Broxtowe,"2011","109487",13.70000000000,"56838","51329","3156",3.87000000000,"109487","18549","81573","9365",41.40000000000,"42"
E07000173,Gedling,2022-23,6.88,6.11,7.64,E07000173,37UE,Gedling,"2011","113543",9.50000000000,"59493","53867","3391",4.07000000000,"113543","20357","83284","9902",41.40000000000,"42"
E07000174,Mansfield,2022-23,7.4,6.8,8,E07000174,37UF,Mansfield,"2011","104466",13.60000000000,"52392","46961","3547",4.60000000000,"104466","19018","77155","8293",40.20000000000,"41"
E07000175,Newark and Sherwood,2022-23,7.55,7.11,7.99,E07000175,37UG,Newark and Sherwood,"2011","114817",1.80000000000,"57971","52872","2995",3.56000000000,"114817","20860","84145","9812",41.60000000000,"43"
E07000176,Rushcliffe,2022-23,7.39,6.89,7.9,E07000176,37UJ,Rushcliffe,"2011","111129",2.70000000000,"58045","53133","2222",2.75000000000,"111129","20578","80755","9796",41.20000000000,"42"
E07000177,Cherwell,2022-23,7.54,7.04,8.05,E07000177,38UB,Cherwell,"2011","141868",2.40000000000,"78160","72552","2936",2.84000000000,"141868","28446","103269","10153",38.90000000000,"39"
E07000178,Oxford,2022-23,7.56,7.13,7.99,E07000178,38UC,Oxford,"2011","151906",33.30000000000,"74923","63453","3801",3.21000000000,"151906","25181","118437","8288",34.30000000000,"29"
E07000179,South Oxfordshire,2022-23,7.43,7.04,7.82,E07000179,38UD,South Oxfordshire,"2011","134257",2.00000000000,"72820","68205","2446",2.52000000000,"134257","26025","96892","11340",40.90000000000,"42"
E07000180,Vale of White Horse,2022-23,7.58,7.16,8.01,E07000180,38UE,Vale of White Horse,"2011","120988",2.10000000000,"65710","61185","2190",2.50000000000,"120988","23121","87477","10390",40.80000000000,"41"
E07000181,West Oxfordshire,2022-23,7.87,7.4,8.34,E07000181,38UF,West Oxfordshire,"2011","104779",1.50000000000,"58506","54940","1730",2.27000000000,"104779","19467","76163","9149",41.10000000000,"42"
E07000187,Mendip,2022-23,7.59,7.08,8.1,E07000187,40UB,Mendip,"2011","109279",1.50000000000,"56462","52172","2297",2.92000000000,"109279","20397","78653","10229",41.90000000000,"43"
E07000188,Sedgemoor,2022-23,7.3,6.83,7.76,E07000188,40UC,Sedgemoor,"2011","114588",2.00000000000,"57966","52751","2972",3.58000000000,"114588","20666","82903","11019",42.40000000000,"44"
E07000189,South Somerset,2022-23,7.5,7.1,7.89,E07000189,40UD,South Somerset,"2011","161243",1.70000000000,"82390","76498","3170",2.74000000000,"161243","28618","115790","16835",42.90000000000,"44"
E07000192,Cannock Chase,2022-23,8.04,7.39,8.7,E07000192,41UB,Cannock Chase,"2011","97462",12.40000000000,"51306","46115","3311",4.58000000000,"97462","18435","72274","6753",39.60000000000,"40"
E07000193,East Staffordshire,2022-23,7.73,7.37,8.08,E07000193,41UC,East Staffordshire,"2011","113583",2.90000000000,"58578","53144","3171",3.82000000000,"113583","21762","83059","8762",39.80000000000,"40"
E07000194,Lichfield,2022-23,7.44,6.91,7.97,E07000194,41UD,Lichfield,"2011","100654",3.00000000000,"51862","47536","2531",3.39000000000,"100654","17597","74757","8300",42.20000000000,"44"
E07000195,Newcastle-under-Lyme,2022-23,7.27,6.66,7.89,E07000195,41UE,Newcastle-under-Lyme,"2011","123871",5.90000000000,"61568","54599","3378",3.66000000000,"123871","21058","92335","10478",40.80000000000,"41"
E07000196,South Staffordshire,2022-23,7.64,7.19,8.1,E07000196,41UF,South Staffordshire,"2011","108131",2.70000000000,"56418","51671","2670",3.31000000000,"108131","17625","80718","9788",43.20000000000,"45"
E07000197,Stafford,2022-23,7.08,6.16,8,E07000197,41UG,Stafford,"2011","130869",2.20000000000,"68274","61923","3028",3.11000000000,"130869","22243","97297","11329",41.80000000000,"43"
E07000198,Staffordshire Moorlands,2022-23,7.28,6.38,8.18,E07000198,41UH,Staffordshire Moorlands,"2011","97106",1.70000000000,"49988","46130","2031",2.82000000000,"97106","16000","72085","9021",43.40000000000,"45"
E07000199,Tamworth,2022-23,7.77,7.15,8.39,E07000199,41UK,Tamworth,"2011","76813",24.90000000000,"41188","37120","2541",4.47000000000,"76813","15346","56833","4634",38.60000000000,"39"
E07000200,Babergh,2022-23,7.81,7.31,8.31,E07000200,42UB,Babergh,"2011","87740",1.50000000000,"44347","41035","1879",2.98000000000,"87740","15919","63075","8746",43.10000000000,"45"
E07000202,Ipswich,2022-23,7.21,6.8,7.63,E07000202,42UD,Ipswich,"2011","133384",33.80000000000,"71423","63192","5212",5.36000000000,"133384","25988","97167","10229",38.00000000000,"36"
E07000203,Mid Suffolk,2022-23,7.71,7.25,8.16,E07000203,42UE,Mid Suffolk,"2011","96731",1.10000000000,"50607","47096","1789",2.55000000000,"96731","17824","70073","8834",42.40000000000,"44"
E07000207,Elmbridge,2022-23,7.25,6.79,7.72,E07000207,43UB,Elmbridge,"2011","130875",13.80000000000,"67522","62942","2457",2.67000000000,"130875","27870","92027","10978",39.80000000000,"40"
E07000209,Guildford,2022-23,7.42,6.93,7.92,E07000209,43UD,Guildford,"2011","137183",5.10000000000,"73649","65900","2750",2.69000000000,"137183","24594","102054","10535",39.00000000000,"38"
E07000210,Mole Valley,2022-23,7.74,7.05,8.43,E07000210,43UE,Mole Valley,"2011","85375",3.30000000000,"44170","41169","1529",2.52000000000,"85375","15795","60778","8802",42.70000000000,"44"
E07000211,Reigate and Banstead,2022-23,7.07,6.47,7.67,E07000211,43UF,Reigate and Banstead,"2011","137835",10.70000000000,"74614","69231","2892",2.92000000000,"137835","27110","99173","11552",39.90000000000,"40"
E07000213,Spelthorne,2022-23,7.36,5.94,8.78,E07000213,43UH,Spelthorne,"2011","95598",21.30000000000,"52767","48765","2277",3.26000000000,"95598","17509","69916","8173",40.40000000000,"41"
E07000214,Surrey Heath,2022-23,7.89,7.47,8.32,E07000214,43UJ,Surrey Heath,"2011","86144",9.10000000000,"47016","43500","1731",2.77000000000,"86144","16842","62565","6737",40.20000000000,"41"
E07000215,Tandridge,2022-23,7.24,6.75,7.74,E07000215,43UK,Tandridge,"2011","82998",3.30000000000,"43692","40722","1645",2.77000000000,"82998","16076","59457","7465",41.30000000000,"43"
E07000216,Waverley,2022-23,7.63,7.23,8.03,E07000216,43UL,Waverley,"2011","121572",3.50000000000,"61649","57117","2068",2.42000000000,"121572","24094","85617","11861",41.50000000000,"42"
E07000217,Woking,2022-23,7.8,6.88,8.71,E07000217,43UM,Woking,"2011","99198",15.60000000000,"54052","49576","2313",3.22000000000,"99198","20013","71722","7463",38.70000000000,"38"
E07000218,North Warwickshire,2022-23,7.62,7.06,8.19,E07000218,44UB,North Warwickshire,"2011","62014",2.20000000000,"33151","30410","1662",3.60000000000,"62014","10965","46170","4879",41.70000000000,"43"
E07000219,Nuneaton and Bedworth,2022-23,7.01,6.27,7.75,E07000219,44UC,Nuneaton and Bedworth,"2011","125252",15.90000000000,"65173","58292","4363",4.74000000000,"125252","24008","92090","9154",39.70000000000,"40"
E07000220,Rugby,2022-23,7.28,6.65,7.92,E07000220,44UD,Rugby,"2011","100075",2.90000000000,"53457","49018","2613",3.59000000000,"100075","19386","72759","7930",40.00000000000,"40"
E07000221,Stratford-on-Avon,2022-23,7.62,7.24,7.99,E07000221,44UE,Stratford-on-Avon,"2011","120485",1.20000000000,"63253","58844","2154",2.46000000000,"120485","20443","87728","12314",43.80000000000,"46"
E07000222,Warwick,2022-23,7.16,6.7,7.63,E07000222,44UF,Warwick,"2011","137648",4.90000000000,"73309","66564","3118",3.03000000000,"137648","23597","102883","11168",39.70000000000,"39"
E07000223,Adur,2022-23,6.16,4.14,8.19,E07000223,45UB,Adur,"2011","61182",14.60000000000,"31054","28482","1466",3.34000000000,"61182","10603","43860","6719",43.00000000000,"44"
E07000224,Arun,2022-23,7.63,7.13,8.12,E07000224,45UC,Arun,"2011","149518",6.80000000000,"71573","65185","3538",3.34000000000,"149518","23354","106071","20093",45.50000000000,"47"
E07000225,Chichester,2022-23,7.59,6.88,8.3,E07000225,45UD,Chichester,"2011","113794",1.40000000000,"56102","51005","2267",2.80000000000,"113794","18633","81037","14124",44.50000000000,"46"
E07000226,Crawley,2022-23,7.04,6.38,7.7,E07000226,45UE,Crawley,"2011","106597",23.70000000000,"59495","53637","3490",4.51000000000,"106597","22048","77348","7201",36.80000000000,"35"
E07000227,Horsham,2022-23,7.4,6.82,7.97,E07000227,45UF,Horsham,"2011","131301",2.50000000000,"69240","64165","2557",2.71000000000,"131301","24543","94318","12440",42.10000000000,"44"
E07000228,Mid Sussex,2022-23,7.96,7.47,8.45,E07000228,45UG,Mid Sussex,"2011","139860",4.20000000000,"75025","69941","2435",2.43000000000,"139860","27105","100252","12503",41.00000000000,"42"
E07000229,Worthing,2022-23,7.02,6.24,7.81,E07000229,45UH,Worthing,"2011","104640",32.20000000000,"53630","48704","2578",3.47000000000,"104640","18669","74338","11633",42.20000000000,"42"
E07000234,Bromsgrove,2022-23,7.65,7.3,8,E07000234,47UB,Bromsgrove,"2011","93637",4.30000000000,"48664","44867","2070",3.05000000000,"93637","16530","67807","9300",42.60000000000,"44"
E07000235,Malvern Hills,2022-23,8.06,7.66,8.47,E07000235,47UC,Malvern Hills,"2011","74631",1.30000000000,"36261","33349","1690",3.16000000000,"74631","12412","53512","8707",44.90000000000,"47"
E07000236,Redditch,2022-23,7.55,7.07,8.02,E07000236,47UD,Redditch,"2011","84214",15.50000000000,"46220","41464","2877",4.60000000000,"84214","16558","62523","5133",38.60000000000,"38"
E07000237,Worcester,2022-23,7.5,6.93,8.06,E07000237,47UE,Worcester,"2011","98768",29.70000000000,"53966","47532","3071",4.18000000000,"98768","18477","73382","6909",38.30000000000,"37"
E07000238,Wychavon,2022-23,7.24,6.86,7.62,E07000238,47UF,Wychavon,"2011","116944",1.80000000000,"61260","56459","2675",3.13000000000,"116944","19905","85481","11558",43.50000000000,"45"
E07000239,Wyre Forest,2022-23,7.71,7.24,8.18,E07000239,47UG,Wyre Forest,"2011","97975",5.00000000000,"49712","45060","3041",4.20000000000,"97975","16785","72331","8859",42.70000000000,"44"
E07000240,St Albans,2022-23,7.6,7.23,7.98,E07000240,26UG,St Albans,"2011","140664",8.70000000000,"74553","69041","2715",2.72000000000,"140664","30074","99863","10727",38.90000000000,"39"
E07000241,Welwyn Hatfield,2022-23,7.85,7.27,8.44,E07000241,26UL,Welwyn Hatfield,"2011","110535",8.50000000000,"57036","48850","2687",3.30000000000,"110535","20166","81514","8855",38.00000000000,"36"
E07000242,East Hertfordshire,2022-23,7.23,6.81,7.65,E07000242,26UD,East Hertfordshire,"2011","137687",2.90000000000,"75434","70178","2849",2.85000000000,"137687","27548","100093","10046",39.50000000000,"40"
E07000243,Stevenage,2022-23,7.21,6.46,7.96,E07000243,26UH,Stevenage,"2011","83957",32.30000000000,"46140","41034","2925",4.80000000000,"83957","17091","60988","5878",37.80000000000,"37"
E08000001,Bolton,2022-23,7.61,7.36,7.85,E08000001,00BL,Bolton,"2011","276786",19.80000000000,"134933","118777","9913",4.94000000000,"276786","57076","200723","18987",38.40000000000,"38"
E08000002,Bury,2022-23,7.5,7.29,7.71,E08000002,00BM,Bury,"2011","185060",18.60000000000,"94680","85291","5769",4.28000000000,"185060","37125","134687","13248",39.20000000000,"40"
E08000003,Manchester,2022-23,6.85,6.5,7.2,E08000003,00BN,Manchester,"2011","503127",43.50000000000,"243224","194093","21880",5.71000000000,"503127","97418","382932","22777",33.20000000000,"29"
E08000004,Oldham,2022-23,7.31,7.03,7.59,E08000004,00BP,Oldham,"2011","224897",15.80000000000,"106398","93015","8661",5.42000000000,"224897","50459","159765","14673",37.40000000000,"37"
E08000005,Rochdale,2022-23,7.45,7.21,7.69,E08000005,00BQ,Rochdale,"2011","211699",13.40000000000,"101003","87821","9047",5.92000000000,"211699","44783","152742","14174",37.90000000000,"38"
E08000006,Salford,2022-23,7.22,6.93,7.5,E08000006,00BR,Salford,"2011","233933",24.10000000000,"118130","101014","9041",5.22000000000,"233933","45153","173117","15663",37.40000000000,"35"
E08000007,Stockport,2022-23,7.27,7.02,7.52,E08000007,00BS,Stockport,"2011","283275",22.50000000000,"146296","132659","8002",3.90000000000,"283275","53453","205310","24512",40.80000000000,"41"
E08000008,Tameside,2022-23,7.36,7.15,7.57,E08000008,00BT,Tameside,"2011","219324",21.30000000000,"111016","98945","8052",4.99000000000,"219324","42708","161459","15157",39.10000000000,"39"
E08000009,Trafford,2022-23,7.28,7.05,7.52,E08000009,00BU,Trafford,"2011","226578",21.40000000000,"118064","106854","6136",3.77000000000,"226578","45824","162806","17948",39.30000000000,"39"
E08000010,Wigan,2022-23,7.3,7.06,7.54,E08000010,00BW,Wigan,"2011","317849",16.90000000000,"162781","145028","11483",4.86000000000,"317849","60024","236495","21330",39.60000000000,"40"
E08000011,Knowsley,2022-23,7.24,6.94,7.53,E08000011,00BX,Knowsley,"2011","145893",16.90000000000,"69617","59456","6926",6.52000000000,"145893","28668","106155","11070",39.10000000000,"40"
E08000012,Liverpool,2022-23,7.34,7.05,7.63,E08000012,00BY,Liverpool,"2011","466415",41.70000000000,"226270","182270","23980",6.72000000000,"466415","78100","356876","31439",37.70000000000,"35"
E08000013,St. Helens,2022-23,7.07,6.71,7.43,E08000013,00BZ,St. Helens,"2011","175308",12.90000000000,"86121","76158","6640",5.12000000000,"175308","31936","129584","13788",40.70000000000,"41"
E08000014,Sefton,2022-23,7.42,7.18,7.66,E08000014,00CA,Sefton,"2011","273790",17.90000000000,"133012","117085","9708",4.90000000000,"273790","47355","198197","28238",42.50000000000,"44"
E08000015,Wirral,2022-23,7.25,6.97,7.53,E08000015,00CB,Wirral,"2011","319783",20.40000000000,"153240","135543","11939",5.17000000000,"319783","59285","230851","29647",41.40000000000,"42"
E08000016,Barnsley,2022-23,7.29,7.03,7.55,E08000016,00CC,Barnsley,"2011","231221",7.00000000000,"113306","100751","8738",5.13000000000,"231221","42886","170405","17930",40.40000000000,"41"
E08000017,Doncaster,2022-23,7.59,7.32,7.86,E08000017,00CE,Doncaster,"2011","302402",5.30000000000,"147770","130306","12697",5.75000000000,"302402","57493","220877","24032",39.80000000000,"40"
E08000018,Rotherham,2022-23,7.26,6.93,7.6,E08000018,00CF,Rotherham,"2011","257280",9.00000000000,"125899","111684","9821",5.23000000000,"257280","49262","187959","20059",40.20000000000,"41"
E08000019,Sheffield,2022-23,7.33,7.07,7.59,E08000019,00CG,Sheffield,"2011","552698",15.00000000000,"270239","227822","19626",4.78000000000,"552698","100684","411004","41010",37.90000000000,"36"
E08000021,Newcastle upon Tyne,2022-23,7.28,6.97,7.58,E08000021,00CJ,Newcastle upon Tyne,"2011","280177",24.70000000000,"133848","108778","10652",5.00000000000,"280177","47974","212864","19339",36.90000000000,"33"
E08000022,North Tyneside,2022-23,7.47,7.24,7.69,E08000022,00CK,North Tyneside,"2011","200801",24.40000000000,"104242","92799","7304",4.94000000000,"200801","35713","147889","17199",40.90000000000,"41"
E08000023,South Tyneside,2022-23,7.29,7.06,7.52,E08000023,00CL,South Tyneside,"2011","148127",23.00000000000,"72645","62266","7145",6.56000000000,"148127","25927","108981","13219",41.20000000000,"42"
E08000024,Sunderland,2022-23,7.33,7.09,7.57,E08000024,00CM,Sunderland,"2011","275506",20.00000000000,"135467","116562","12016",5.85000000000,"275506","48192","205552","21762",40.40000000000,"41"
E08000025,Birmingham,2022-23,7.18,6.93,7.42,E08000025,00CN,Birmingham,"2011","1073045",40.10000000000,"488221","400679","54114",7.12000000000,"1073045","244682","760252","68111",35.30000000000,"32"
E08000026,Coventry,2022-23,7.45,7.21,7.69,E08000026,00CQ,Coventry,"2011","316960",32.10000000000,"153745","128764","12532",5.40000000000,"316960","62854","231871","22235",36.80000000000,"34"
E08000027,Dudley,2022-23,7.49,7.22,7.76,E08000027,00CR,Dudley,"2011","312925",31.90000000000,"155530","137720","12064",5.32000000000,"312925","59504","226726","26695",40.50000000000,"41"
E08000028,Sandwell,2022-23,7.52,7.21,7.82,E08000028,00CS,Sandwell,"2011","308063",36.00000000000,"146653","124338","16049",7.31000000000,"308063","66234","219508","22321",37.40000000000,"36"
E08000029,Solihull,2022-23,7.6,7.39,7.81,E08000029,00CT,Solihull,"2011","206674",11.60000000000,"105108","94586","6304",4.25000000000,"206674","39181","148360","19133",41.30000000000,"42"
E08000030,Walsall,2022-23,7.29,7,7.57,E08000030,00CU,Walsall,"2011","269323",25.90000000000,"126805","108668","13006",6.77000000000,"269323","56200","191974","21149",38.80000000000,"38"
E08000031,Wolverhampton,2022-23,7.49,7.21,7.76,E08000031,00CW,Wolverhampton,"2011","249470",35.90000000000,"120402","99729","14127",7.85000000000,"249470","49423","179983","20064",38.50000000000,"37"
E08000032,Bradford,2022-23,7.24,6.94,7.54,E08000032,00CX,Bradford,"2011","522452",14.30000000000,"243727","210013","21224",5.80000000000,"522452","122331","366217","33904",36.20000000000,"34"
E08000033,Calderdale,2022-23,7.11,6.81,7.4,E08000033,00CY,Calderdale,"2011","203826",5.60000000000,"104893","93611","7394",4.97000000000,"203826","40181","148766","14879",39.60000000000,"40"
E08000034,Kirklees,2022-23,7.22,6.98,7.47,E08000034,00CZ,Kirklees,"2011","422458",10.30000000000,"209514","184331","14465",4.71000000000,"422458","86149","307194","29115",38.40000000000,"38"
E08000035,Leeds,2022-23,7.28,7.02,7.54,E08000035,00DA,Leeds,"2011","751485",13.60000000000,"389929","333333","26786",4.78000000000,"751485","137493","560849","53143",37.60000000000,"35"
E08000036,Wakefield,2022-23,7.17,6.9,7.45,E08000036,00DB,Wakefield,"2011","325837",9.60000000000,"164768","148026","11702",4.86000000000,"325837","60040","240997","24800",40.20000000000,"41"
E08000037,Gateshead,2022-23,7.36,7.1,7.61,E08000037,00CH,Gateshead,"2011","200214",14.10000000000,"100184","88817","7419",5.01000000000,"200214","35498","148079","16637",40.50000000000,"40"
E09000002,Barking and Dagenham,2022-23,7.48,7.15,7.81,E09000002,00AB,Barking and Dagenham,"2011","185911",51.50000000000,"86404","71519","9367",7.34000000000,"185911","48298","127568","10045",33.40000000000,"32"
E09000003,Barnet,2022-23,6.95,6.6,7.31,E09000003,00AC,Barnet,"2011","356386",41.10000000000,"184483","163942","11476",4.44000000000,"356386","74234","258443","23709",36.80000000000,"35"
E09000004,Bexley,2022-23,7.39,7.07,7.72,E09000004,00AD,Bexley,"2011","231997",38.30000000000,"118864","106286","7245",4.37000000000,"231997","47566","165914","18517",38.80000000000,"39"
E09000005,Brent,2022-23,7.27,6.7,7.84,E09000005,00AE,Brent,"2011","311215",72.00000000000,"163991","139478","13535",5.79000000000,"311215","62757","233726","14732",35.00000000000,"32"
E09000006,Bromley,2022-23,7.35,7.02,7.67,E09000006,00AF,Bromley,"2011","309392",20.60000000000,"161282","147108","8668",3.90000000000,"309392","60586","222539","26267",39.90000000000,"40"
E09000007,Camden,2022-23,7.28,6.94,7.61,E09000007,00AG,Camden,"2011","220338",101.10000000000,"118397","103986","7755",4.46000000000,"220338","35465","173833","11040",35.70000000000,"33"
E09000008,Croydon,2022-23,7.11,6.74,7.48,E09000008,00AH,Croydon,"2011","363378",42.00000000000,"190308","165753","14512",5.52000000000,"363378","79110","263048","21220",36.40000000000,"35"
E09000009,Ealing,2022-23,7.25,6.87,7.63,E09000009,00AJ,Ealing,"2011","338449",61.00000000000,"180615","157500","13158",5.21000000000,"338449","68877","252764","16808",35.40000000000,"33"
E09000010,Enfield,2022-23,7.41,7.03,7.78,E09000010,00AK,Enfield,"2011","312466",38.70000000000,"153334","131601","13192",5.89000000000,"312466","70001","224024","18441",35.90000000000,"34"
E09000011,Greenwich,2022-23,7.42,7.1,7.73,E09000011,00AL,Greenwich,"2011","254557",53.80000000000,"132073","110846","11518",6.17000000000,"254557","55394","186722","12441",34.60000000000,"33"
E09000012,Hackney,2022-23,7.05,6.65,7.44,E09000012,00AM,Hackney,"2011","246270",129.20000000000,"133883","113367","13207",7.05000000000,"246270","51125","187423","7722",32.40000000000,"30"
E09000013,Hammersmith and Fulham,2022-23,7.66,7.34,7.99,E09000013,00AN,Hammersmith and Fulham,"2011","182493",111.20000000000,"107754","95640","7060",4.85000000000,"182493","29630","145552","7311",34.70000000000,"32"
E09000014,Haringey,2022-23,7.17,6.77,7.58,E09000014,00AP,Haringey,"2011","254926",86.20000000000,"138189","118886","11730",6.08000000000,"254926","52070","193062","9794",34.20000000000,"32"
E09000015,Harrow,2022-23,7.6,7.2,8.01,E09000015,00AQ,Harrow,"2011","239056",47.40000000000,"123307","109034","7854",4.49000000000,"239056","48058","174751","16247",37.60000000000,"36"
E09000016,Havering,2022-23,7.54,7.27,7.82,E09000016,00AR,Havering,"2011","237232",21.10000000000,"121642","109446","7627",4.46000000000,"237232","44388","171128","21716",40.40000000000,"40"
E09000017,Hillingdon,2022-23,7.69,7.31,8.06,E09000017,00AS,Hillingdon,"2011","273936",23.70000000000,"141542","123188","8693",4.35000000000,"273936","56893","199926","17117",36.40000000000,"35"
E09000018,Hounslow,2022-23,7.49,7.11,7.87,E09000018,00AT,Hounslow,"2011","253957",45.40000000000,"137867","120742","8815",4.64000000000,"253957","51533","190157","12267",35.20000000000,"33"
E09000019,Islington,2022-23,7.2,6.86,7.55,E09000019,00AU,Islington,"2011","206125",138.70000000000,"117488","102325","8960",5.43000000000,"206125","32825","165149","8151",34.50000000000,"31"
E09000020,Kensington and Chelsea,2022-23,7.23,6.76,7.69,E09000020,00AW,Kensington and Chelsea,"2011","158649",130.80000000000,"87517","79198","5433",4.31000000000,"158649","24382","126080","8187",37.80000000000,"36"
E09000021,Kingston upon Thames,2022-23,7.25,6.89,7.6,E09000021,00AX,Kingston upon Thames,"2011","160060",43.00000000000,"87348","77126","3850",3.22000000000,"160060","30270","119673","10117",37.00000000000,"35"
E09000022,Lambeth,2022-23,7.5,7.06,7.93,E09000022,00AY,Lambeth,"2011","303086",113.00000000000,"183190","159823","14255",6.00000000000,"303086","54786","237730","10570",33.70000000000,"31"
E09000023,Lewisham,2022-23,7.27,6.93,7.61,E09000023,00AZ,Lewisham,"2011","275885",78.50000000000,"151793","128905","12776",6.19000000000,"275885","57136","206255","12494",34.60000000000,"33"
E09000024,Merton,2022-23,7.39,7.08,7.7,E09000024,00BA,Merton,"2011","199693",53.10000000000,"112038","100904","6072",4.06000000000,"199693","38853","149598","11242",36.30000000000,"34"
E09000025,Newham,2022-23,8,7.65,8.35,E09000025,00BB,Newham,"2011","307984",85.00000000000,"153761","118862","15734",6.87000000000,"307984","69894","228958","9132",31.30000000000,"29"
E09000026,Redbridge,2022-23,7.63,7.28,7.98,E09000026,00BC,Redbridge,"2011","278970",49.50000000000,"137776","119012","10590",5.31000000000,"278970","62858","199544","16568",35.60000000000,"34"
E09000027,Richmond upon Thames,2022-23,7.21,6.88,7.55,E09000027,00BD,Richmond upon Thames,"2011","186990",32.60000000000,"104090","96185","4153",3.01000000000,"186990","36938","137779","12273",38.30000000000,"38"
E09000028,Southwark,2022-23,7.12,6.63,7.61,E09000028,00BE,Southwark,"2011","288283",99.90000000000,"163859","139286","13484",6.00000000000,"288283","53382","224551","10350",33.70000000000,"32"
E09000029,Sutton,2022-23,7.41,7.08,7.74,E09000029,00BF,Sutton,"2011","190146",43.40000000000,"103995","94432","5429",3.91000000000,"190146","37988","138710","13448",38.30000000000,"38"
E09000030,Tower Hamlets,2022-23,6.87,6.32,7.41,E09000030,00BG,Tower Hamlets,"2011","254096",128.50000000000,"137233","113219","13259",6.75000000000,"254096","50143","196552","7401",30.90000000000,"29"
E09000031,Waltham Forest,2022-23,6.82,6.37,7.27,E09000031,00BH,Waltham Forest,"2011","258249",66.50000000000,"135015","114964","11654",6.10000000000,"258249","55118","190978","12153",34.40000000000,"32"
E09000032,Wandsworth,2022-23,7.35,7.03,7.68,E09000032,00BJ,Wandsworth,"2011","306995",89.60000000000,"189789","172468","9311",3.82000000000,"306995","51006","243533","12456",34.50000000000,"32"
E09000033,Westminster,2022-23,7.01,6.58,7.45,E09000033,00BK,Westminster,"2011","219396",102.20000000000,"120418","107531","7941",4.52000000000,"219396","32584","175505","11307",36.70000000000,"34"
N09000003,Belfast,2022-23,7.09,6.85,7.33,95GG,,Belfast,"2011","280962",25.70000000000,"132666","109144","11832",5.67000000000,"280962","52283","208609","20070",37.30000000000,"35"
S12000005,Clackmannanshire,2022-23,7.23,6.86,7.59,S12000005,,Clackmannanshire,"2011","51442",3.20000000000,"26167","22937","2205",5.69000000000,"51442","9333","38771","3338",40.20000000000,"41"
S12000006,Dumfries and Galloway,2022-23,7.63,7.33,7.93,S12000006,,Dumfries and Galloway,"2011","151324",0.20000000000,"75189","68289","4681",4.21000000000,"151324","25164","111107","15053",43.60000000000,"46"
S12000008,East Ayrshire,2022-23,7.37,7.07,7.67,S12000008,,East Ayrshire,"2011","122767",1.00000000000,"61705","53770","5468",5.96000000000,"122767","21599","91776","9392",40.90000000000,"42"
S12000010,East Lothian,2022-23,7.21,6.95,7.46,S12000010,,East Lothian,"2011","99717",1.50000000000,"51805","46579","3049",4.19000000000,"99717","18628","72821","8268",41.00000000000,"42"
S12000011,East Renfrewshire,2022-23,7.75,7.46,8.04,S12000011,,East Renfrewshire,"2011","90574",5.20000000000,"45277","40111","2257",3.49000000000,"90574","17901","64758","7915",41.00000000000,"43"
S12000014,Falkirk,2022-23,7.45,7.13,7.77,S12000014,,Falkirk,"2011","155990",5.20000000000,"82695","73411","5953",5.12000000000,"155990","28377","116368","11245",40.10000000000,"41"
S12000017,Highland,2022-23,7.93,7.7,8.16,S12000017,,Highland,"2011","232132",0.10000000000,"122645","112631","6817",3.97000000000,"232132","41398","171557","19177",41.90000000000,"44"
S12000018,Inverclyde,2022-23,7.56,7.25,7.88,S12000018,,Inverclyde,"2011","81485",5.10000000000,"39073","33981","3156",5.18000000000,"81485","13732","60893","6860",41.50000000000,"43"
S12000019,Midlothian,2022-23,7.37,7.06,7.67,S12000019,,Midlothian,"2011","83187",2.40000000000,"43754","39423","2700",4.39000000000,"83187","15603","61511","6073",40.40000000000,"42"
S12000020,Moray,2022-23,7.39,7.09,7.68,S12000020,,Moray,"2011","93295",0.40000000000,"48928","44816","2685",3.92000000000,"93295","17044","68410","7841",41.20000000000,"42"
S12000021,North Ayrshire,2022-23,7.42,7.2,7.65,S12000021,,North Ayrshire,"2011","138146",1.60000000000,"66711","56772","6964",6.80000000000,"138146","24483","102348","11315",41.60000000000,"43"
S12000026,Scottish Borders,2022-23,7.34,7.02,7.66,S12000026,,Scottish Borders,"2011","113870",0.20000000000,"58259","53119","3354",4.01000000000,"113870","19341","83661","10868",43.50000000000,"46"
S12000027,Shetland Islands,2022-23,8.22,7.49,8.95,S12000027,,Shetland Islands,"2011","23167",0.20000000000,"13324","12631","349",2.05000000000,"23167","4471","17062","1634",40.10000000000,"41"
S12000028,South Ayrshire,2022-23,7.54,7.24,7.84,S12000028,,South Ayrshire,"2011","112799",0.90000000000,"54693","48115","4031",4.85000000000,"112799","18380","83196","11223",43.50000000000,"45"
S12000029,South Lanarkshire,2022-23,7.43,7.15,7.72,S12000029,,South Lanarkshire,"2011","313830",1.80000000000,"164427","145244","11931",5.09000000000,"313830","55484","234622","23724",40.70000000000,"42"
S12000030,Stirling,2022-23,7.57,7.26,7.87,S12000030,,Stirling,"2011","90247",0.40000000000,"45731","39367","2596",3.86000000000,"90247","16015","67240","6992",40.20000000000,"41"
S12000033,Aberdeen City,2022-23,7.49,7.23,7.75,S12000033,,Aberdeen City,"2011","222793",12.00000000000,"128106","109950","5367",3.07000000000,"222793","32135","174869","15789",38.70000000000,"36"
S12000034,Aberdeenshire,2022-23,7.59,7.35,7.83,S12000034,,Aberdeenshire,"2011","252973",0.40000000000,"140410","130236","4772",2.55000000000,"252973","47389","187492","18092",40.40000000000,"42"
S12000035,Argyll and Bute,2022-23,7.73,7.49,7.97,S12000035,,Argyll and Bute,"2011","88166",0.10000000000,"44675","40840","2665",4.09000000000,"88166","14435","65156","8575",43.90000000000,"46"
S12000036,City of Edinburgh,2022-23,7.25,6.93,7.57,S12000036,,City of Edinburgh,"2011","476626",18.10000000000,"255445","220673","14517",3.92000000000,"476626","72202","370018","34406",38.50000000000,"36"
S12000038,Renfrewshire,2022-23,7.25,6.97,7.52,S12000038,,Renfrewshire,"2011","174908",6.70000000000,"89950","78244","6710",5.13000000000,"174908","30703","130873","13332",40.60000000000,"42"
S12000039,West Dunbartonshire,2022-23,7.23,7,7.46,S12000039,,West Dunbartonshire,"2011","90720",5.70000000000,"45878","39375","4336",6.39000000000,"90720","16000","67866","6854",40.30000000000,"41"
S12000040,West Lothian,2022-23,7.25,6.92,7.57,S12000040,,West Lothian,"2011","175118",4.10000000000,"93983","83855","6484",4.98000000000,"175118","35453","130151","9514",38.20000000000,"39"
S12000041,Angus,2022-23,7.52,7.28,7.77,S12000041,,Angus,"2011","115978",0.50000000000,"58850","52873","3541",4.17000000000,"115978","20258","84940","10780",42.40000000000,"44"
S12000042,Dundee City,2022-23,7.04,6.75,7.34,S12000042,,Dundee City,"2011","147268",24.60000000000,"71721","57971","6384",5.73000000000,"147268","23704","111319","12245",39.30000000000,"38"
S12000045,East Dunbartonshire,2022-23,7.63,7.45,7.8,S12000045,,East Dunbartonshire,"2011","105026",6.00000000000,"53199","47521","2667",3.47000000000,"105026","18714","76861","9451",42.20000000000,"44"
S12000047,Fife,2022-23,7.17,6.93,7.41,S12000015,,Fife,"2011","365198",2.80000000000,"183775","161015","14255",5.24000000000,"365198","64397","271911","28890",40.80000000000,"42"
S12000048,Perth and Kinross,2022-23,7.33,6.9,7.75,S12000024,,Perth and Kinross,"2011","146652",0.30000000000,"76393","69933","3581",3.33000000000,"146652","25175","107546","13931",42.60000000000,"44"
S12000049,Glasgow City,2022-23,7.14,6.88,7.4,S12000046,,Glasgow City,"2011","593245",34.00000000000,"295258","241178","29534",6.45000000000,"593245","95627","457863","39755",38.00000000000,"36"
S12000050,North Lanarkshire,2022-23,7.33,7.04,7.62,S12000044,,North Lanarkshire,"2011","337727",7.20000000000,"174843","151944","15177",6.04000000000,"337727","64882","251388","21457",39.00000000000,"39"
W06000001,Isle of Anglesey,2022-23,7.38,7.07,7.69,W06000001,00NA,Isle of Anglesey,"2011","69751",1.00000000000,"33023","29423","2381",4.69000000000,"69751","11861","50818","7072",43.40000000000,"45"
W06000002,Gwynedd,2022-23,7.51,7.22,7.81,W06000002,00NC,Gwynedd,"2011","121874",0.50000000000,"57995","51063","3176",3.57000000000,"121874","20951","88913","12010",41.60000000000,"42"
W06000003,Conwy,2022-23,7.32,7.07,7.57,W06000003,00NE,Conwy,"2011","115228",1.00000000000,"53792","48239","3362",4.10000000000,"115228","19126","81906","14196",44.60000000000,"46"
W06000004,Denbighshire,2022-23,7.3,7,7.61,W06000004,00NG,Denbighshire,"2011","93734",1.10000000000,"44409","39788","2857",4.22000000000,"93734","16953","67676","9105",42.40000000000,"44"
W06000005,Flintshire,2022-23,7.4,7.1,7.7,W06000005,00NJ,Flintshire,"2011","152506",3.50000000000,"78957","71539","4332",3.86000000000,"152506","28644","112325","11537",40.60000000000,"41"
W06000006,Wrexham,2022-23,7.39,7.13,7.65,W06000006,00NL,Wrexham,"2011","134844",2.70000000000,"68413","61123","4128",4.18000000000,"134844","25818","98691","10335",39.80000000000,"40"
W06000008,Ceredigion,2022-23,7.34,7.09,7.58,W06000008,00NQ,Ceredigion,"2011","75922",0.40000000000,"35064","30031","1469",2.56000000000,"75922","11230","57405","7287",41.70000000000,"42"
W06000009,Pembrokeshire,2022-23,7.55,7.33,7.78,W06000009,00NS,Pembrokeshire,"2011","122439",0.80000000000,"58120","52601","3555",4.04000000000,"122439","22077","88049","12313",42.90000000000,"45"
W06000010,Carmarthenshire,2022-23,7.43,7.15,7.71,W06000010,00NU,Carmarthenshire,"2011","183777",0.80000000000,"86217","77956","4962",3.73000000000,"183777","33014","132930","17833",42.30000000000,"44"
W06000011,Swansea,2022-23,7.34,7.09,7.6,W06000011,00NX,Swansea,"2011","239023",6.30000000000,"111460","96413","6831",3.86000000000,"239023","41396","176971","20656",40.10000000000,"39"
W06000012,Neath Port Talbot,2022-23,7.32,7.02,7.62,W06000012,00NZ,Neath Port Talbot,"2011","139812",3.20000000000,"64110","57220","4630",4.50000000000,"139812","24637","102986","12189",41.30000000000,"42"
W06000013,Bridgend,2022-23,7.72,7.49,7.96,W06000013,00PB,Bridgend,"2011","139178",5.60000000000,"66449","59433","4687",4.56000000000,"139178","25288","102805","11085",40.70000000000,"41"
W06000015,Cardiff,2022-23,7.1,6.62,7.58,W06000015,00PT,Cardiff,"2011","346090",24.70000000000,"174753","147955","11566",4.44000000000,"346090","62975","260268","22847",36.50000000000,"33"
W06000016,Rhondda Cynon Taf,2022-23,7.22,6.84,7.61,W06000016,00PF,Rhondda Cynon Taf,"2011","234410",5.50000000000,"108730","95326","8104",4.71000000000,"234410","44294","172047","18069",39.80000000000,"40"
W06000018,Caerphilly,2022-23,7.37,7.11,7.63,W06000018,00PK,Caerphilly,"2011","178806",6.40000000000,"84932","75354","6731",5.14000000000,"178806","34981","130950","12875",39.50000000000,"40"
W06000019,Blaenau Gwent,2022-23,7.22,6.88,7.55,W06000019,00PL,Blaenau Gwent,"2011","69814",6.40000000000,"32145","27516","3557",6.87000000000,"69814","12493","51809","5512",40.50000000000,"41"
W06000020,Torfaen,2022-23,7.3,6.95,7.65,W06000020,00PM,Torfaen,"2011","91075",7.20000000000,"43820","38965","3163",4.78000000000,"91075","17242","66107","7726",40.40000000000,"41"
W06000021,Monmouthshire,2022-23,7.64,7.43,7.85,W06000021,00PP,Monmouthshire,"2011","91323",1.10000000000,"45272","41554","2217",3.35000000000,"91323","16243","66107","8973",43.00000000000,"45"
W06000022,Newport,2022-23,7.13,6.71,7.55,W06000022,00PR,Newport,"2011","145736",7.60000000000,"71011","61602","5616",5.34000000000,"145736","29388","105141","11207",38.80000000000,"38"
W06000023,Powys,2022-23,7.45,7.17,7.73,W06000023,00NN,Powys,"2011","132976",0.30000000000,"66846","61870","2928",3.05000000000,"132976","22893","96069","14014",43.90000000000,"46"
W06000024,Merthyr Tydfil,2022-23,7.48,7.12,7.84,W06000024,00PH,Merthyr Tydfil,"2011","58802",5.30000000000,"27833","24285","2481",5.72000000000,"58802","10960","43377","4465",39.70000000000,"40"
